{
"lengthUnit": "mil",
"remark": [],
"components": {
	"fields": ["COMPONENT_NO", "COMPONENT_NAME", "LAYER", "X_COORDINATE", "Y_COORDINATE", "ANGLE"],
	"rows": [
		[1, "H5", "T", 650, -755, 180],
		[2, "H6", "T", 650, -1565, 180],
		[3, "H7", "T", 650, -2535, 0],
		[4, "H8", "T", 1935, -810, 0],
		[5, "P3", "T", 3520, -1965, 180],
		[6, "P4", "T", 1395, -1685, 270],
		[7, "U3", "T", 3525, -1445, 180],
		[8, "U4", "T", 3721.264, -650, 180],
		[9, "PAD1", "T", 400, -755, 0],
		[10, "PAD1", "T", 400, -755, 0],
		[11, "PAD2", "T", 500, -755, 0],
		[12, "PAD2", "T", 500, -755, 0],
		[13, "PAD3", "T", 600, -755, 0],
		[14, "PAD3", "T", 600, -755, 0],
		[15, "PAD4", "T", 900, -755, 0],
		[16, "PAD4", "T", 900, -755, 0],
		[17, "PAD5", "T", 700, -1565, 0],
		[18, "PAD5", "T", 700, -1565, 0],
		[19, "PAD6", "T", 800, -1565, 0],
		[20, "PAD6", "T", 800, -1565, 0],
		[21, "PAD7", "T", 900, -2535, 0],
		[22, "PAD7", "T", 900, -2535, 0],
		[23, "PAD8", "T", 800, -2535, 0],
		[24, "PAD8", "T", 800, -2535, 0],
		[25, "PAD9", "T", 700, -2535, 0],
		[26, "PAD9", "T", 700, -2535, 0],
		[27, "PAD10", "T", 600, -2535, 0],
		[28, "PAD10", "T", 600, -2535, 0],
		[29, "PAD11", "T", 500, -2535, 0],
		[30, "PAD11", "T", 500, -2535, 0],
		[31, "PAD12", "T", 400, -2535, 0],
		[32, "PAD12", "T", 400, -2535, 0],
		[33, "PAD13", "T", 3770, -1965, 0],
		[34, "PAD13", "T", 3770, -1965, 0],
		[35, "PAD14", "T", 3670, -1965, 0],
		[36, "PAD14", "T", 3670, -1965, 0],
		[37, "PAD15", "T", 3570, -1965, 0],
		[38, "PAD15", "T", 3570, -1965, 0],
		[39, "PAD16", "T", 3470, -1965, 0],
		[40, "PAD16", "T", 3470, -1965, 0],
		[41, "PAD17", "T", 3370, -1965, 0],
		[42, "PAD17", "T", 3370, -1965, 0],
		[43, "PAD18", "T", 3270, -1965, 0],
		[44, "PAD18", "T", 3270, -1965, 0],
		[45, "PAD19", "T", 3775, -1445, 0],
		[46, "PAD19", "T", 3775, -1445, 0],
		[47, "PAD20", "T", 3675, -1445, 0],
		[48, "PAD20", "T", 3675, -1445, 0],
		[49, "PAD21", "T", 3575, -1445, 0],
		[50, "PAD21", "T", 3575, -1445, 0],
		[51, "PAD22", "T", 3475, -1445, 0],
		[52, "PAD22", "T", 3475, -1445, 0],
		[53, "PAD23", "T", 3375, -1445, 0],
		[54, "PAD23", "T", 3375, -1445, 0],
		[55, "PAD24", "T", 3275, -1445, 0],
		[56, "PAD24", "T", 3275, -1445, 0],
		[57, "PAD25", "T", 3075, -1445, 0],
		[58, "PAD25", "T", 3075, -1445, 0],
		[59, "PAD26", "T", 2975, -1445, 0],
		[60, "PAD26", "T", 2975, -1445, 0],
		[61, "PAD27", "T", 4371.259, -650, 0],
		[62, "PAD27", "T", 4371.259, -650, 0],
		[63, "PAD28", "T", 4271.259, -650, 0],
		[64, "PAD28", "T", 4271.259, -650, 0],
		[65, "PAD29", "T", 4171.259, -650, 0],
		[66, "PAD29", "T", 4171.259, -650, 0],
		[67, "PAD30", "T", 3671.259, -650, 0],
		[68, "PAD30", "T", 3671.259, -650, 0],
		[69, "PAD31", "T", 3571.259, -650, 0],
		[70, "PAD31", "T", 3571.259, -650, 0],
		[71, "PAD32", "T", 2135, -810, 0],
		[72, "PAD32", "T", 2135, -810, 0],
		[73, "PAD33", "T", 1935, -810, 0],
		[74, "PAD33", "T", 1935, -810, 0],
		[75, "PAD34", "T", 1835, -810, 0],
		[76, "PAD34", "T", 1835, -810, 0],
		[77, "PAD35", "T", 1635, -810, 0],
		[78, "PAD35", "T", 1635, -810, 0],
		[79, "PAD36", "T", 1395, -1335, 0],
		[80, "PAD36", "T", 1395, -1335, 0],
		[81, "PAD37", "T", 1395, -1435, 0],
		[82, "PAD37", "T", 1395, -1435, 0],
		[83, "PAD38", "T", 1395, -1935, 0],
		[84, "PAD38", "T", 1395, -1935, 0],
		[85, "PAD39", "T", 1395, -2035, 0],
		[86, "PAD39", "T", 1395, -2035, 0]
	]
},
"pins": {
	"fields": ["PIN_NO", "PIN_NAME", "PIN_X", "PIN_Y", "LAYER", "PIN_TYPE", "NET_NAME", "NET_TYPE", "PAD_SHAPE", "PAD_SIZEX", "PAD_SIZEY", "HOLE_SIZE", "HOLE_LEN", "PAD_ANGLE"],
	"rows": [
		[1, "H5_1", 900, -755, "T", "DIP", "GPS_WAKE", "", "R", 70.866, 70.866, 40.158, 40.158, 180],
		[2, "H5_1", 900, -755, "T", "DIP", "GPS_WAKE", "", "R", 70.866, 70.866, 40.158, 40.158, 180],
		[3, "H5_2", 800, -755, "T", "DIP", "NET_1", "", "C", 62.992, 62.992, 40.158, 40.158, 180],
		[4, "H5_2", 800, -755, "T", "DIP", "NET_1", "", "C", 62.992, 62.992, 40.158, 40.158, 180],
		[5, "H5_3", 700, -755, "T", "DIP", "NET_2", "", "C", 62.992, 62.992, 40.158, 40.158, 180],
		[6, "H5_3", 700, -755, "T", "DIP", "NET_2", "", "C", 62.992, 62.992, 40.158, 40.158, 180],
		[7, "H5_4", 600, -755, "T", "DIP", "+3.3V", "", "C", 62.992, 62.992, 40.158, 40.158, 180],
		[8, "H5_4", 600, -755, "T", "DIP", "+3.3V", "", "C", 62.992, 62.992, 40.158, 40.158, 180],
		[9, "H5_5", 500, -755, "T", "DIP", "GPSINT", "", "C", 62.992, 62.992, 40.158, 40.158, 180],
		[10, "H5_5", 500, -755, "T", "DIP", "GPSINT", "", "C", 62.992, 62.992, 40.158, 40.158, 180],
		[11, "H5_6", 400, -755, "T", "DIP", "GND", "GND", "C", 62.992, 62.992, 40.158, 40.158, 180],
		[12, "H5_6", 400, -755, "T", "DIP", "GND", "GND", "C", 62.992, 62.992, 40.158, 40.158, 180],
		[13, "H6_1", 900, -1565, "T", "DIP", "NET_3", "", "R", 70.866, 70.866, 40.158, 40.158, 180],
		[14, "H6_1", 900, -1565, "T", "DIP", "NET_3", "", "R", 70.866, 70.866, 40.158, 40.158, 180],
		[15, "H6_2", 800, -1565, "T", "DIP", "SDA", "", "C", 62.992, 62.992, 40.158, 40.158, 180],
		[16, "H6_2", 800, -1565, "T", "DIP", "SDA", "", "C", 62.992, 62.992, 40.158, 40.158, 180],
		[17, "H6_3", 700, -1565, "T", "DIP", "SCL", "", "C", 62.992, 62.992, 40.158, 40.158, 180],
		[18, "H6_3", 700, -1565, "T", "DIP", "SCL", "", "C", 62.992, 62.992, 40.158, 40.158, 180],
		[19, "H6_4", 600, -1565, "T", "DIP", "NET_4", "", "C", 62.992, 62.992, 40.158, 40.158, 180],
		[20, "H6_4", 600, -1565, "T", "DIP", "NET_4", "", "C", 62.992, 62.992, 40.158, 40.158, 180],
		[21, "H6_5", 500, -1565, "T", "DIP", "NET_5", "", "C", 62.992, 62.992, 40.158, 40.158, 180],
		[22, "H6_5", 500, -1565, "T", "DIP", "NET_5", "", "C", 62.992, 62.992, 40.158, 40.158, 180],
		[23, "H6_6", 400, -1565, "T", "DIP", "NET_6", "", "C", 62.992, 62.992, 40.158, 40.158, 180],
		[24, "H6_6", 400, -1565, "T", "DIP", "NET_6", "", "C", 62.992, 62.992, 40.158, 40.158, 180],
		[25, "H7_1", 400, -2535, "T", "DIP", "TOFSHDW", "", "R", 70.866, 70.866, 40.158, 40.158, 0],
		[26, "H7_1", 400, -2535, "T", "DIP", "TOFSHDW", "", "R", 70.866, 70.866, 40.158, 40.158, 0],
		[27, "H7_2", 500, -2535, "T", "DIP", "TOFINT", "", "C", 62.992, 62.992, 40.158, 40.158, 0],
		[28, "H7_2", 500, -2535, "T", "DIP", "TOFINT", "", "C", 62.992, 62.992, 40.158, 40.158, 0],
		[29, "H7_3", 600, -2535, "T", "DIP", "SDA", "", "C", 62.992, 62.992, 40.158, 40.158, 0],
		[30, "H7_3", 600, -2535, "T", "DIP", "SDA", "", "C", 62.992, 62.992, 40.158, 40.158, 0],
		[31, "H7_4", 700, -2535, "T", "DIP", "SCL", "", "C", 62.992, 62.992, 40.158, 40.158, 0],
		[32, "H7_4", 700, -2535, "T", "DIP", "SCL", "", "C", 62.992, 62.992, 40.158, 40.158, 0],
		[33, "H7_5", 800, -2535, "T", "DIP", "GND", "GND", "C", 62.992, 62.992, 40.158, 40.158, 0],
		[34, "H7_5", 800, -2535, "T", "DIP", "GND", "GND", "C", 62.992, 62.992, 40.158, 40.158, 0],
		[35, "H7_6", 900, -2535, "T", "DIP", "+3.3V", "", "C", 62.992, 62.992, 40.158, 40.158, 0],
		[36, "H7_6", 900, -2535, "T", "DIP", "+3.3V", "", "C", 62.992, 62.992, 40.158, 40.158, 0],
		[37, "H8_1", 1635, -810, "T", "DIP", "+3.3V", "", "R", 62, 66.929, 43.308, 43.308, 0],
		[38, "H8_1", 1635, -810, "T", "DIP", "+3.3V", "", "R", 62, 66.929, 43.308, 43.308, 0],
		[39, "H8_2", 1735, -810, "T", "DIP", "NET_7", "", "C", 66.929, 66.929, 43.308, 43.308, 0],
		[40, "H8_2", 1735, -810, "T", "DIP", "NET_7", "", "C", 66.929, 66.929, 43.308, 43.308, 0],
		[41, "H8_3", 1835, -810, "T", "DIP", "GND", "GND", "C", 66.929, 66.929, 43.308, 43.308, 0],
		[42, "H8_3", 1835, -810, "T", "DIP", "GND", "GND", "C", 66.929, 66.929, 43.308, 43.308, 0],
		[43, "H8_4", 1935, -810, "T", "DIP", "SCL", "", "C", 66.929, 66.929, 43.308, 43.308, 0],
		[44, "H8_4", 1935, -810, "T", "DIP", "SCL", "", "C", 66.929, 66.929, 43.308, 43.308, 0],
		[45, "H8_5", 2035, -810, "T", "DIP", "NET_8", "", "C", 66.929, 66.929, 43.308, 43.308, 0],
		[46, "H8_5", 2035, -810, "T", "DIP", "NET_8", "", "C", 66.929, 66.929, 43.308, 43.308, 0],
		[47, "H8_6", 2135, -810, "T", "DIP", "SDA", "", "C", 66.929, 66.929, 43.308, 43.308, 0],
		[48, "H8_6", 2135, -810, "T", "DIP", "SDA", "", "C", 66.929, 66.929, 43.308, 43.308, 0],
		[49, "H8_7", 2235, -810, "T", "DIP", "NET_9", "", "C", 66.929, 66.929, 43.308, 43.308, 0],
		[50, "H8_7", 2235, -810, "T", "DIP", "NET_9", "", "C", 66.929, 66.929, 43.308, 43.308, 0],
		[51, "P3_1", 3870, -1965, "T", "DIP", "NET_10", "", "R", 62.992, 62.992, 39.37, 39.37, 180],
		[52, "P3_1", 3870, -1965, "T", "DIP", "NET_10", "", "R", 62.992, 62.992, 39.37, 39.37, 180],
		[53, "P3_2", 3770, -1965, "T", "DIP", "+3.3V", "", "C", 62.992, 62.992, 39.37, 39.37, 180],
		[54, "P3_2", 3770, -1965, "T", "DIP", "+3.3V", "", "C", 62.992, 62.992, 39.37, 39.37, 180],
		[55, "P3_3", 3670, -1965, "T", "DIP", "GND", "GND", "C", 62.992, 62.992, 39.37, 39.37, 180],
		[56, "P3_3", 3670, -1965, "T", "DIP", "GND", "GND", "C", 62.992, 62.992, 39.37, 39.37, 180],
		[57, "P3_4", 3570, -1965, "T", "DIP", "SCLK", "", "C", 62.992, 62.992, 39.37, 39.37, 180],
		[58, "P3_4", 3570, -1965, "T", "DIP", "SCLK", "", "C", 62.992, 62.992, 39.37, 39.37, 180],
		[59, "P3_5", 3470, -1965, "T", "DIP", "DO", "", "C", 62.992, 62.992, 39.37, 39.37, 180],
		[60, "P3_5", 3470, -1965, "T", "DIP", "DO", "", "C", 62.992, 62.992, 39.37, 39.37, 180],
		[61, "P3_6", 3370, -1965, "T", "DIP", "DI", "", "C", 62.992, 62.992, 39.37, 39.37, 180],
		[62, "P3_6", 3370, -1965, "T", "DIP", "DI", "", "C", 62.992, 62.992, 39.37, 39.37, 180],
		[63, "P3_7", 3270, -1965, "T", "DIP", "CS", "", "C", 62.992, 62.992, 39.37, 39.37, 180],
		[64, "P3_7", 3270, -1965, "T", "DIP", "CS", "", "C", 62.992, 62.992, 39.37, 39.37, 180],
		[65, "P3_8", 3170, -1965, "T", "DIP", "NET_11", "", "C", 62.992, 62.992, 39.37, 39.37, 180],
		[66, "P3_8", 3170, -1965, "T", "DIP", "NET_11", "", "C", 62.992, 62.992, 39.37, 39.37, 180],
		[67, "P4_1", 1395, -1335, "T", "DIP", "GND", "GND", "R", 62.992, 62.992, 39.37, 39.37, 270],
		[68, "P4_1", 1395, -1335, "T", "DIP", "GND", "GND", "R", 62.992, 62.992, 39.37, 39.37, 270],
		[69, "P4_2", 1395, -1435, "T", "DIP", "+3.3V", "", "C", 62.992, 62.992, 39.37, 39.37, 270],
		[70, "P4_2", 1395, -1435, "T", "DIP", "+3.3V", "", "C", 62.992, 62.992, 39.37, 39.37, 270],
		[71, "P4_3", 1395, -1535, "T", "DIP", "NET_12", "", "C", 62.992, 62.992, 39.37, 39.37, 270],
		[72, "P4_3", 1395, -1535, "T", "DIP", "NET_12", "", "C", 62.992, 62.992, 39.37, 39.37, 270],
		[73, "P4_4", 1395, -1635, "T", "DIP", "NET_13", "", "C", 62.992, 62.992, 39.37, 39.37, 270],
		[74, "P4_4", 1395, -1635, "T", "DIP", "NET_13", "", "C", 62.992, 62.992, 39.37, 39.37, 270],
		[75, "P4_5", 1395, -1735, "T", "DIP", "NET_14", "", "C", 62.992, 62.992, 39.37, 39.37, 270],
		[76, "P4_5", 1395, -1735, "T", "DIP", "NET_14", "", "C", 62.992, 62.992, 39.37, 39.37, 270],
		[77, "P4_6", 1395, -1835, "T", "DIP", "NET_15", "", "C", 62.992, 62.992, 39.37, 39.37, 270],
		[78, "P4_6", 1395, -1835, "T", "DIP", "NET_15", "", "C", 62.992, 62.992, 39.37, 39.37, 270],
		[79, "P4_7", 1395, -1935, "T", "DIP", "SCL", "", "C", 62.992, 62.992, 39.37, 39.37, 270],
		[80, "P4_7", 1395, -1935, "T", "DIP", "SCL", "", "C", 62.992, 62.992, 39.37, 39.37, 270],
		[81, "P4_8", 1395, -2035, "T", "DIP", "SDA", "", "C", 62.992, 62.992, 39.37, 39.37, 270],
		[82, "P4_8", 1395, -2035, "T", "DIP", "SDA", "", "C", 62.992, 62.992, 39.37, 39.37, 270],
		[83, "U3_1", 4075, -1445, "T", "DIP", "NET_16", "", "C", 70.866, 70.866, 41.338, 41.338, 180],
		[84, "U3_1", 4075, -1445, "T", "DIP", "NET_16", "", "C", 70.866, 70.866, 41.338, 41.338, 180],
		[85, "U3_2", 3975, -1445, "T", "DIP", "NET_17", "", "C", 70.866, 70.866, 41.338, 41.338, 180],
		[86, "U3_2", 3975, -1445, "T", "DIP", "NET_17", "", "C", 70.866, 70.866, 41.338, 41.338, 180],
		[87, "U3_3", 3875, -1445, "T", "DIP", "NET_18", "", "C", 70.866, 70.866, 41.338, 41.338, 180],
		[88, "U3_3", 3875, -1445, "T", "DIP", "NET_18", "", "C", 70.866, 70.866, 41.338, 41.338, 180],
		[89, "U3_4", 3775, -1445, "T", "DIP", "SCLK", "", "C", 70.866, 70.866, 41.338, 41.338, 180],
		[90, "U3_4", 3775, -1445, "T", "DIP", "SCLK", "", "C", 70.866, 70.866, 41.338, 41.338, 180],
		[91, "U3_5", 3675, -1445, "T", "DIP", "DO", "", "C", 70.866, 70.866, 41.338, 41.338, 180],
		[92, "U3_5", 3675, -1445, "T", "DIP", "DO", "", "C", 70.866, 70.866, 41.338, 41.338, 180],
		[93, "U3_6", 3575, -1445, "T", "DIP", "DI", "", "C", 70.866, 70.866, 41.338, 41.338, 180],
		[94, "U3_6", 3575, -1445, "T", "DIP", "DI", "", "C", 70.866, 70.866, 41.338, 41.338, 180],
		[95, "U3_7", 3475, -1445, "T", "DIP", "CS", "", "C", 70.866, 70.866, 41.338, 41.338, 180],
		[96, "U3_7", 3475, -1445, "T", "DIP", "CS", "", "C", 70.866, 70.866, 41.338, 41.338, 180],
		[97, "U3_8", 3375, -1445, "T", "DIP", "TOFINT", "", "C", 70.866, 70.866, 41.338, 41.338, 180],
		[98, "U3_8", 3375, -1445, "T", "DIP", "TOFINT", "", "C", 70.866, 70.866, 41.338, 41.338, 180],
		[99, "U3_9", 3275, -1445, "T", "DIP", "TOFSHDW", "", "C", 70.866, 70.866, 41.338, 41.338, 180],
		[100, "U3_9", 3275, -1445, "T", "DIP", "TOFSHDW", "", "C", 70.866, 70.866, 41.338, 41.338, 180],
		[101, "U3_10", 3175, -1445, "T", "DIP", "NET_19", "", "C", 70.866, 70.866, 41.338, 41.338, 180],
		[102, "U3_10", 3175, -1445, "T", "DIP", "NET_19", "", "C", 70.866, 70.866, 41.338, 41.338, 180],
		[103, "U3_11", 3075, -1445, "T", "DIP", "SCL", "", "C", 70.866, 70.866, 41.338, 41.338, 180],
		[104, "U3_11", 3075, -1445, "T", "DIP", "SCL", "", "C", 70.866, 70.866, 41.338, 41.338, 180],
		[105, "U3_12", 2975, -1445, "T", "DIP", "SDA", "", "C", 70.866, 70.866, 41.338, 41.338, 180],
		[106, "U3_12", 2975, -1445, "T", "DIP", "SDA", "", "C", 70.866, 70.866, 41.338, 41.338, 180],
		[107, "U4_1", 4471.269, -650, "T", "DIP", "NET_20", "", "R", 62.992, 62.992, 35.434, 35.434, 180],
		[108, "U4_1", 4471.269, -650, "T", "DIP", "NET_20", "", "R", 62.992, 62.992, 35.434, 35.434, 180],
		[109, "U4_2", 4371.259, -650, "T", "DIP", "+3.3V", "", "C", 62.992, 62.992, 35.434, 35.434, 180],
		[110, "U4_2", 4371.259, -650, "T", "DIP", "+3.3V", "", "C", 62.992, 62.992, 35.434, 35.434, 180],
		[111, "U4_3", 4271.259, -650, "T", "DIP", "+3.3V", "", "C", 62.992, 62.992, 35.434, 35.434, 180],
		[112, "U4_3", 4271.259, -650, "T", "DIP", "+3.3V", "", "C", 62.992, 62.992, 35.434, 35.434, 180],
		[113, "U4_4", 4171.259, -650, "T", "DIP", "GND", "GND", "C", 62.992, 62.992, 35.434, 35.434, 180],
		[114, "U4_4", 4171.259, -650, "T", "DIP", "GND", "GND", "C", 62.992, 62.992, 35.434, 35.434, 180],
		[115, "U4_5", 4071.259, -650, "T", "DIP", "NET_21", "", "C", 62.992, 62.992, 35.434, 35.434, 180],
		[116, "U4_5", 4071.259, -650, "T", "DIP", "NET_21", "", "C", 62.992, 62.992, 35.434, 35.434, 180],
		[117, "U4_6", 3971.259, -650, "T", "DIP", "NET_22", "", "C", 62.992, 62.992, 35.434, 35.434, 180],
		[118, "U4_6", 3971.259, -650, "T", "DIP", "NET_22", "", "C", 62.992, 62.992, 35.434, 35.434, 180],
		[119, "U4_7", 3871.259, -650, "T", "DIP", "NET_23", "", "C", 62.992, 62.992, 35.434, 35.434, 180],
		[120, "U4_7", 3871.259, -650, "T", "DIP", "NET_23", "", "C", 62.992, 62.992, 35.434, 35.434, 180],
		[121, "U4_8", 3771.259, -650, "T", "DIP", "NET_24", "", "C", 62.992, 62.992, 35.434, 35.434, 180],
		[122, "U4_8", 3771.259, -650, "T", "DIP", "NET_24", "", "C", 62.992, 62.992, 35.434, 35.434, 180],
		[123, "U4_9", 3671.259, -650, "T", "DIP", "GPS_WAKE", "", "C", 62.992, 62.992, 35.434, 35.434, 180],
		[124, "U4_9", 3671.259, -650, "T", "DIP", "GPS_WAKE", "", "C", 62.992, 62.992, 35.434, 35.434, 180],
		[125, "U4_10", 3571.259, -650, "T", "DIP", "GPSINT", "", "C", 62.992, 62.992, 35.434, 35.434, 180],
		[126, "U4_10", 3571.259, -650, "T", "DIP", "GPSINT", "", "C", 62.992, 62.992, 35.434, 35.434, 180],
		[127, "U4_11", 3471.259, -650, "T", "DIP", "NET_25", "", "C", 62.992, 62.992, 35.434, 35.434, 180],
		[128, "U4_11", 3471.259, -650, "T", "DIP", "NET_25", "", "C", 62.992, 62.992, 35.434, 35.434, 180],
		[129, "U4_12", 3371.259, -650, "T", "DIP", "NET_26", "", "C", 62.992, 62.992, 35.434, 35.434, 180],
		[130, "U4_12", 3371.259, -650, "T", "DIP", "NET_26", "", "C", 62.992, 62.992, 35.434, 35.434, 180],
		[131, "U4_13", 3271.259, -650, "T", "DIP", "NET_27", "", "C", 62.992, 62.992, 35.434, 35.434, 180],
		[132, "U4_13", 3271.259, -650, "T", "DIP", "NET_27", "", "C", 62.992, 62.992, 35.434, 35.434, 180],
		[133, "U4_14", 3171.259, -650, "T", "DIP", "NET_28", "", "C", 62.992, 62.992, 35.434, 35.434, 180],
		[134, "U4_14", 3171.259, -650, "T", "DIP", "NET_28", "", "C", 62.992, 62.992, 35.434, 35.434, 180],
		[135, "U4_15", 3071.259, -650, "T", "DIP", "NET_29", "", "C", 62.992, 62.992, 35.434, 35.434, 180],
		[136, "U4_15", 3071.259, -650, "T", "DIP", "NET_29", "", "C", 62.992, 62.992, 35.434, 35.434, 180],
		[137, "U4_16", 2971.259, -650, "T", "DIP", "NET_30", "", "C", 62.992, 62.992, 35.434, 35.434, 180],
		[138, "U4_16", 2971.259, -650, "T", "DIP", "NET_30", "", "C", 62.992, 62.992, 35.434, 35.434, 180],
		[139, "PAD1_6", 400, -755, "T", "DIP", "GND", "GND", "C", 62.992, 62.992, 40.158, 40.158, 180],
		[140, "PAD1_6", 400, -755, "T", "DIP", "GND", "GND", "C", 62.992, 62.992, 40.158, 40.158, 180],
		[141, "PAD2_5", 500, -755, "T", "DIP", "GPSINT", "", "C", 62.992, 62.992, 40.158, 40.158, 180],
		[142, "PAD2_5", 500, -755, "T", "DIP", "GPSINT", "", "C", 62.992, 62.992, 40.158, 40.158, 180],
		[143, "PAD3_4", 600, -755, "T", "DIP", "+3.3V", "", "C", 62.992, 62.992, 40.158, 40.158, 180],
		[144, "PAD3_4", 600, -755, "T", "DIP", "+3.3V", "", "C", 62.992, 62.992, 40.158, 40.158, 180],
		[145, "PAD4_1", 900, -755, "T", "DIP", "GPS_WAKE", "", "R", 70.866, 70.866, 40.158, 40.158, 180],
		[146, "PAD4_1", 900, -755, "T", "DIP", "GPS_WAKE", "", "R", 70.866, 70.866, 40.158, 40.158, 180],
		[147, "PAD5_3", 700, -1565, "T", "DIP", "SCL", "", "C", 62.992, 62.992, 40.158, 40.158, 180],
		[148, "PAD5_3", 700, -1565, "T", "DIP", "SCL", "", "C", 62.992, 62.992, 40.158, 40.158, 180],
		[149, "PAD6_2", 800, -1565, "T", "DIP", "SDA", "", "C", 62.992, 62.992, 40.158, 40.158, 180],
		[150, "PAD6_2", 800, -1565, "T", "DIP", "SDA", "", "C", 62.992, 62.992, 40.158, 40.158, 180],
		[151, "PAD7_6", 900, -2535, "T", "DIP", "+3.3V", "", "C", 62.992, 62.992, 40.158, 40.158, 0],
		[152, "PAD7_6", 900, -2535, "T", "DIP", "+3.3V", "", "C", 62.992, 62.992, 40.158, 40.158, 0],
		[153, "PAD8_5", 800, -2535, "T", "DIP", "GND", "GND", "C", 62.992, 62.992, 40.158, 40.158, 0],
		[154, "PAD8_5", 800, -2535, "T", "DIP", "GND", "GND", "C", 62.992, 62.992, 40.158, 40.158, 0],
		[155, "PAD9_4", 700, -2535, "T", "DIP", "SCL", "", "C", 62.992, 62.992, 40.158, 40.158, 0],
		[156, "PAD9_4", 700, -2535, "T", "DIP", "SCL", "", "C", 62.992, 62.992, 40.158, 40.158, 0],
		[157, "PAD10_3", 600, -2535, "T", "DIP", "SDA", "", "C", 62.992, 62.992, 40.158, 40.158, 0],
		[158, "PAD10_3", 600, -2535, "T", "DIP", "SDA", "", "C", 62.992, 62.992, 40.158, 40.158, 0],
		[159, "PAD11_2", 500, -2535, "T", "DIP", "TOFINT", "", "C", 62.992, 62.992, 40.158, 40.158, 0],
		[160, "PAD11_2", 500, -2535, "T", "DIP", "TOFINT", "", "C", 62.992, 62.992, 40.158, 40.158, 0],
		[161, "PAD12_1", 400, -2535, "T", "DIP", "TOFSHDW", "", "R", 70.866, 70.866, 40.158, 40.158, 0],
		[162, "PAD12_1", 400, -2535, "T", "DIP", "TOFSHDW", "", "R", 70.866, 70.866, 40.158, 40.158, 0],
		[163, "PAD13_2", 3770, -1965, "T", "DIP", "+3.3V", "", "C", 62.992, 62.992, 39.37, 39.37, 180],
		[164, "PAD13_2", 3770, -1965, "T", "DIP", "+3.3V", "", "C", 62.992, 62.992, 39.37, 39.37, 180],
		[165, "PAD14_3", 3670, -1965, "T", "DIP", "GND", "GND", "C", 62.992, 62.992, 39.37, 39.37, 180],
		[166, "PAD14_3", 3670, -1965, "T", "DIP", "GND", "GND", "C", 62.992, 62.992, 39.37, 39.37, 180],
		[167, "PAD15_4", 3570, -1965, "T", "DIP", "SCLK", "", "C", 62.992, 62.992, 39.37, 39.37, 180],
		[168, "PAD15_4", 3570, -1965, "T", "DIP", "SCLK", "", "C", 62.992, 62.992, 39.37, 39.37, 180],
		[169, "PAD16_5", 3470, -1965, "T", "DIP", "DO", "", "C", 62.992, 62.992, 39.37, 39.37, 180],
		[170, "PAD16_5", 3470, -1965, "T", "DIP", "DO", "", "C", 62.992, 62.992, 39.37, 39.37, 180],
		[171, "PAD17_6", 3370, -1965, "T", "DIP", "DI", "", "C", 62.992, 62.992, 39.37, 39.37, 180],
		[172, "PAD17_6", 3370, -1965, "T", "DIP", "DI", "", "C", 62.992, 62.992, 39.37, 39.37, 180],
		[173, "PAD18_7", 3270, -1965, "T", "DIP", "CS", "", "C", 62.992, 62.992, 39.37, 39.37, 180],
		[174, "PAD18_7", 3270, -1965, "T", "DIP", "CS", "", "C", 62.992, 62.992, 39.37, 39.37, 180],
		[175, "PAD19_4", 3775, -1445, "T", "DIP", "SCLK", "", "C", 70.866, 70.866, 41.338, 41.338, 180],
		[176, "PAD19_4", 3775, -1445, "T", "DIP", "SCLK", "", "C", 70.866, 70.866, 41.338, 41.338, 180],
		[177, "PAD20_5", 3675, -1445, "T", "DIP", "DO", "", "C", 70.866, 70.866, 41.338, 41.338, 180],
		[178, "PAD20_5", 3675, -1445, "T", "DIP", "DO", "", "C", 70.866, 70.866, 41.338, 41.338, 180],
		[179, "PAD21_6", 3575, -1445, "T", "DIP", "DI", "", "C", 70.866, 70.866, 41.338, 41.338, 180],
		[180, "PAD21_6", 3575, -1445, "T", "DIP", "DI", "", "C", 70.866, 70.866, 41.338, 41.338, 180],
		[181, "PAD22_7", 3475, -1445, "T", "DIP", "CS", "", "C", 70.866, 70.866, 41.338, 41.338, 180],
		[182, "PAD22_7", 3475, -1445, "T", "DIP", "CS", "", "C", 70.866, 70.866, 41.338, 41.338, 180],
		[183, "PAD23_8", 3375, -1445, "T", "DIP", "TOFINT", "", "C", 70.866, 70.866, 41.338, 41.338, 180],
		[184, "PAD23_8", 3375, -1445, "T", "DIP", "TOFINT", "", "C", 70.866, 70.866, 41.338, 41.338, 180],
		[185, "PAD24_9", 3275, -1445, "T", "DIP", "TOFSHDW", "", "C", 70.866, 70.866, 41.338, 41.338, 180],
		[186, "PAD24_9", 3275, -1445, "T", "DIP", "TOFSHDW", "", "C", 70.866, 70.866, 41.338, 41.338, 180],
		[187, "PAD25_11", 3075, -1445, "T", "DIP", "SCL", "", "C", 70.866, 70.866, 41.338, 41.338, 180],
		[188, "PAD25_11", 3075, -1445, "T", "DIP", "SCL", "", "C", 70.866, 70.866, 41.338, 41.338, 180],
		[189, "PAD26_12", 2975, -1445, "T", "DIP", "SDA", "", "C", 70.866, 70.866, 41.338, 41.338, 180],
		[190, "PAD26_12", 2975, -1445, "T", "DIP", "SDA", "", "C", 70.866, 70.866, 41.338, 41.338, 180],
		[191, "PAD27_2", 4371.259, -650, "T", "DIP", "+3.3V", "", "C", 62.992, 62.992, 35.434, 35.434, 180],
		[192, "PAD27_2", 4371.259, -650, "T", "DIP", "+3.3V", "", "C", 62.992, 62.992, 35.434, 35.434, 180],
		[193, "PAD28_3", 4271.259, -650, "T", "DIP", "+3.3V", "", "C", 62.992, 62.992, 35.434, 35.434, 180],
		[194, "PAD28_3", 4271.259, -650, "T", "DIP", "+3.3V", "", "C", 62.992, 62.992, 35.434, 35.434, 180],
		[195, "PAD29_4", 4171.259, -650, "T", "DIP", "GND", "GND", "C", 62.992, 62.992, 35.434, 35.434, 180],
		[196, "PAD29_4", 4171.259, -650, "T", "DIP", "GND", "GND", "C", 62.992, 62.992, 35.434, 35.434, 180],
		[197, "PAD30_9", 3671.259, -650, "T", "DIP", "GPS_WAKE", "", "C", 62.992, 62.992, 35.434, 35.434, 180],
		[198, "PAD30_9", 3671.259, -650, "T", "DIP", "GPS_WAKE", "", "C", 62.992, 62.992, 35.434, 35.434, 180],
		[199, "PAD31_10", 3571.259, -650, "T", "DIP", "GPSINT", "", "C", 62.992, 62.992, 35.434, 35.434, 180],
		[200, "PAD31_10", 3571.259, -650, "T", "DIP", "GPSINT", "", "C", 62.992, 62.992, 35.434, 35.434, 180],
		[201, "PAD32_6", 2135, -810, "T", "DIP", "SDA", "", "C", 66.929, 66.929, 43.308, 43.308, 0],
		[202, "PAD32_6", 2135, -810, "T", "DIP", "SDA", "", "C", 66.929, 66.929, 43.308, 43.308, 0],
		[203, "PAD33_4", 1935, -810, "T", "DIP", "SCL", "", "C", 66.929, 66.929, 43.308, 43.308, 0],
		[204, "PAD33_4", 1935, -810, "T", "DIP", "SCL", "", "C", 66.929, 66.929, 43.308, 43.308, 0],
		[205, "PAD34_3", 1835, -810, "T", "DIP", "GND", "GND", "C", 66.929, 66.929, 43.308, 43.308, 0],
		[206, "PAD34_3", 1835, -810, "T", "DIP", "GND", "GND", "C", 66.929, 66.929, 43.308, 43.308, 0],
		[207, "PAD35_1", 1635, -810, "T", "DIP", "+3.3V", "", "R", 62, 66.929, 43.308, 43.308, 0],
		[208, "PAD35_1", 1635, -810, "T", "DIP", "+3.3V", "", "R", 62, 66.929, 43.308, 43.308, 0],
		[209, "PAD36_1", 1395, -1335, "T", "DIP", "GND", "GND", "R", 62.992, 62.992, 39.37, 39.37, 270],
		[210, "PAD36_1", 1395, -1335, "T", "DIP", "GND", "GND", "R", 62.992, 62.992, 39.37, 39.37, 270],
		[211, "PAD37_2", 1395, -1435, "T", "DIP", "+3.3V", "", "C", 62.992, 62.992, 39.37, 39.37, 270],
		[212, "PAD37_2", 1395, -1435, "T", "DIP", "+3.3V", "", "C", 62.992, 62.992, 39.37, 39.37, 270],
		[213, "PAD38_7", 1395, -1935, "T", "DIP", "SCL", "", "C", 62.992, 62.992, 39.37, 39.37, 270],
		[214, "PAD38_7", 1395, -1935, "T", "DIP", "SCL", "", "C", 62.992, 62.992, 39.37, 39.37, 270],
		[215, "PAD39_8", 1395, -2035, "T", "DIP", "SDA", "", "C", 62.992, 62.992, 39.37, 39.37, 270],
		[216, "PAD39_8", 1395, -2035, "T", "DIP", "SDA", "", "C", 62.992, 62.992, 39.37, 39.37, 270]
	]
}
}